{"need": {"lead": {"Monday": {"starts": [10.0], "ends": [21.0]}, "Tuesday": {"starts": [10.0], "ends": [21.0]}, "Wednesday": {"starts": [10.0], "ends": [21.0]}, "Thursday": {"starts": [10.0], "ends": [21.0]}, "Friday": {"starts": [10.0], "ends": [21.0]}, "Saturday": {"starts": [10.0], "ends": [21.0]}, "Sunday": {"starts": [10.0], "ends": [20.0]}}, "server": {"Monday": {"starts": [10.0], "ends": [21.0]}, "Tuesday": {"starts": [10.0], "ends": [21.0]}, "Wednesday": {"starts": [10.0], "ends": [21.0]}, "Thursday": {"starts": [10.0], "ends": [21.0]}, "Friday": {"starts": [10.0, 17.0], "ends": [21.0, 21.0]}, "Saturday": {"starts": [10.0, 17.0], "ends": [21.0, 21.0]}, "Sunday": {"starts": [10.0], "ends": [20.0]}}, "cashier": {"Monday": {"starts": [], "ends": []}, "Tuesday": {"starts": [], "ends": []}, "Wednesday": {"starts": [], "ends": []}, "Thursday": {"starts": [16.0], "ends": [20.0]}, "Friday": {"starts": [16.0], "ends": [20.0]}, "Saturday": {"starts": [16.0], "ends": [20.0]}, "Sunday": {"starts": [11.0], "ends": [14.0]}}, "cook": {"Monday": {"starts": [7.0, 7.0, 16.0], "ends": [14.0, 21.0, 21.0]}, "Tuesday": {"starts": [8.0, 8.0, 16.0], "ends": [14.0, 21.0, 21.0]}, "Wednesday": {"starts": [8.0, 8.0, 16.0], "ends": [14.0, 21.0, 21.0]}, "Thursday": {"starts": [7.0, 7.0, 16.0], "ends": [14.0, 21.0, 21.0]}, "Friday": {"starts": [8.0, 8.0, 11.0, 16.0, 16.0], "ends": [14.0, 14.0, 19.0, 21.0, 21.0]}, "Saturday": {"starts": [8.0, 8.0, 16.0], "ends": [15.0, 21.0, 21.0]}, "Sunday": {"starts": [8.0, 8.0, 16.0], "ends": [14.0, 20.0, 20.0]}}, "driver": {"Monday": {"starts": [10.0, 17.0], "ends": [21.0, 21.0]}, "Tuesday": {"starts": [10.0, 17.0], "ends": [21.0, 21.0]}, "Wednesday": {"starts": [10.0, 17.0], "ends": [21.0, 21.0]}, "Thursday": {"starts": [10.0, 17.0], "ends": [21.0, 21.0]}, "Friday": {"starts": [10.0, 17.0], "ends": [21.0, 21.0]}, "Saturday": {"starts": [10.0, 17.0], "ends": [21.0, 21.0]}, "Sunday": {"starts": [10.0, 17.0], "ends": [20.0, 20.0]}}}, "availability": [{"name": "Beth", "positions": ["lead"], "max_hours": 10, "times": {"Monday": [7.0, 21.0], "Tuesday": [7.0, 21.0], "Wednesday": [7.0, 21.0], "Thursday": [7.0, 21.0], "Friday": [7.0, 21.0], "Saturday": [7.0, 21.0], "Sunday": [7.0, 20.0]}}, {"name": "Caden", "positions": ["cook"], "max_hours": 15, "times": {"Wednesday": [18.0, 21.0], "Thursday": [18.0, 21.0], "Sunday": [16.0, 20.0]}}, {"name": "Caleb", "positions": ["driver"], "max_hours": 22, "times": {"Monday": [16.0, 21.0], "Tuesday": [16.0, 21.0], "Wednesday": [16.0, 21.0], "Friday": [16.0, 21.0], "Saturday": [16.0, 21.0], "Sunday": [15.0, 20.0]}}, {"name": "Connor", "positions": ["server", "driver"], "max_hours": 20, "times": {"Monday": [16.0, 21.0], "Tuesday": [16.0, 21.0], "Thursday": [16.0, 21.0], "Friday": [16.0, 21.0], "Saturday": [16.0, 21.0], "Sunday": [15.0, 20.0]}}, {"name": "Donal", "positions": ["driver"], "max_hours": 15, "times": {"Tuesday": [10.0, 14.0], "Thursday": [10.0, 14.0]}}, {"name": "Dustin", "positions": ["driver"], "max_hours": 15, "times": {"Saturday": [10.0, 21.0], "Sunday": [10.0, 20.0]}}, {"name": "Gage", "positions": ["driver"], "max_hours": 22, "times": {"Monday": [10.0, 21.0], "Wednesday": [10.0, 21.0], "Thursday": [10.0, 21.0], "Friday": [10.0, 21.0], "Saturday": [10.0, 21.0]}}, {"name": "Garrett", "positions": ["cook"], "max_hours": 15, "times": {"Saturday": [8.0, 21.0], "Sunday": [8.0, 20.0]}}, {"name": "Gene", "positions": ["cook"], "max_hours": 32, "times": {"Wednesday": [14.0, 21.0], "Thursday": [14.0, 21.0], "Friday": [14.0, 21.0], "Saturday": [16.0, 21.0], "Sunday": [15.0, 20.0]}}, {"name": "Hayley", "positions": ["server"], "max_hours": 22, "times": {"Monday": [15.0, 21.0], "Tuesday": [10.0, 21.0], "Wednesday": [15.0, 21.0], "Thursday": [15.0, 21.0], "Friday": [15.0, 21.0]}}, {"name": "Jordan", "positions": ["driver"], "max_hours": 20, "times": {"Monday": [16.0, 21.0], "Tuesday": [16.0, 21.0], "Wednesday": [16.0, 21.0], "Thursday": [16.0, 21.0], "Friday": [16.0, 21.0], "Saturday": [16.0, 21.0], "Sunday": [16.0, 20.0]}}, {"name": "Kaela", "positions": ["driver", "server"], "max_hours": 28, "times": {"Monday": [10.0, 16.0], "Tuesday": [10.0, 16.0], "Wednesday": [10.0, 16.0], "Thursday": [10.0, 16.0], "Friday": [10.0, 16.0], "Saturday": [10.0, 16.0], "Sunday": [10.0, 16.0]}}, {"name": "Kashmir", "positions": ["lead", "cook"], "max_hours": 36, "times": {"Monday": [7.0, 21.0], "Tuesday": [7.0, 21.0], "Wednesday": [7.0, 21.0], "Thursday": [7.0, 21.0], "Friday": [7.0, 21.0], "Saturday": [7.0, 21.0], "Sunday": [7.0, 20.0]}}, {"name": "Kaylin", "positions": ["cashier"], "max_hours": 20, "times": {"Monday": [16.0, 20.0], "Tuesday": [16.0, 20.0], "Thursday": [16.0, 20.0], "Friday": [16.0, 20.0], "Saturday": [16.0, 20.0], "Sunday": [11.0, 14.0]}}, {"name": "Kenny", "positions": ["cook"], "max_hours": 36, "times": {"Monday": [7.0, 21.0], "Tuesday": [7.0, 21.0], "Wednesday": [7.0, 21.0], "Thursday": [7.0, 21.0], "Friday": [7.0, 21.0], "Saturday": [7.0, 21.0], "Sunday": [7.0, 20.0]}}, {"name": "Mason", "positions": ["cook"], "max_hours": 22, "times": {"Monday": [16.0, 21.0], "Tuesday": [16.0, 21.0], "Wednesday": [16.0, 21.0], "Thursday": [16.0, 21.0], "Friday": [16.0, 21.0], "Saturday": [16.0, 21.0], "Sunday": [16.0, 20.0]}}, {"name": "Mike", "positions": ["lead", "driver"], "max_hours": 32, "times": {"Monday": [7.0, 21.0], "Tuesday": [7.0, 21.0], "Wednesday": [7.0, 21.0], "Thursday": [7.0, 21.0], "Friday": [7.0, 21.0], "Saturday": [7.0, 21.0], "Sunday": [7.0, 20.0]}}, {"name": "Nate", "positions": ["cook"], "max_hours": 36, "times": {"Monday": [7.0, 14.0], "Tuesday": [7.0, 14.0], "Wednesday": [7.0, 14.0], "Thursday": [7.0, 14.0], "Friday": [7.0, 14.0]}}, {"name": "Nichole", "positions": ["lead", "cook"], "max_hours": 36, "times": {"Monday": [7.0, 21.0], "Tuesday": [7.0, 21.0], "Wednesday": [7.0, 21.0], "Thursday": [7.0, 21.0], "Friday": [7.0, 21.0], "Saturday": [7.0, 21.0], "Sunday": [7.0, 20.0]}}, {"name": "Robert", "positions": ["driver"], "max_hours": 28, "times": {"Monday": [9.0, 21.0], "Tuesday": [9.0, 21.0], "Wednesday": [9.0, 21.0], "Thursday": [9.0, 21.0], "Friday": [9.0, 21.0], "Saturday": [9.0, 21.0], "Sunday": [9.0, 20.0]}}, {"name": "Rosemary", "positions": ["server", "lead"], "max_hours": 36, "times": {"Monday": [7.0, 21.0], "Tuesday": [7.0, 21.0], "Wednesday": [7.0, 21.0], "Thursday": [7.0, 21.0], "Friday": [7.0, 21.0], "Saturday": [7.0, 21.0], "Sunday": [7.0, 20.0]}}, {"name": "Ryleigh", "positions": ["cook"], "max_hours": 36, "times": {"Monday": [7.0, 21.0], "Tuesday": [7.0, 21.0], "Wednesday": [7.0, 21.0], "Thursday": [7.0, 21.0], "Friday": [7.0, 21.0], "Saturday": [7.0, 21.0], "Sunday": [7.0, 20.0]}}, {"name": "Tia", "positions": ["server"], "max_hours": 28, "times": {"Monday": [10.0, 16.0], "Tuesday": [10.0, 16.0], "Thursday": [10.0, 16.0], "Friday": [10.0, 16.0], "Saturday": [10.0, 16.0]}}, {"name": "Valecia", "positions": ["server"], "max_hours": 22, "times": {"Tuesday": [10.0, 21.0], "Thursday": [16.0, 21.0], "Friday": [16.0, 21.0], "Saturday": [16.0, 21.0], "Sunday": [10.0, 15.0]}}], "miscellaneous": {"min_shift_length": 3.0, "max_shift_length": 7.0, "avoid_coworking": [["Mike", "Rosemary", "Valecia"]]}}